Country (Country),ASFIS species (ASFIS species),FAO major fishing area (FAO major fishing area),Detailed production source (Detailed production source),Unit (Unit),2022,2023
Belgium,Brill,"Atlantic, Northeast",Capture production,Tonnes - live weight,0.9,1.9
Belgium,Megrims nei,"Atlantic, Northeast",Capture production,Tonnes - live weight,15,16.8
Belgium,Common sole,"Atlantic, Northeast",Capture production,Tonnes - live weight,159.7,197.2
Belgium,Sand sole,"Atlantic, Northeast",Capture production,Tonnes - live weight,0.1,0.5
Belgium,Turbot,"Atlantic, Northeast",Capture production,Tonnes - live weight,1,2.5
Belgium,Witch flounder,"Atlantic, Northeast",Capture production,Tonnes - live weight,0.2,NA
Belgium,Pouting(=Bib),"Atlantic, Northeast",Capture production,Tonnes - live weight,1.5,2.5
Belgium,European hake,"Atlantic, Northeast",Capture production,Tonnes - live weight,2.7,3.8
Belgium,Whiting,"Atlantic, Northeast",Capture production,Tonnes - live weight,0.2,0.3
Belgium,Mullets nei,"Atlantic, Northeast",Capture production,Tonnes - live weight,0.3,0.6
Belgium,Surmullet,"Atlantic, Northeast",Capture production,Tonnes - live weight,1.1,3.2
Belgium,Greater weever,"Atlantic, Northeast",Capture production,Tonnes - live weight,4.6,9
Belgium,European conger,"Atlantic, Northeast",Capture production,Tonnes - live weight,0.4,0.5
Belgium,Grey gurnard,"Atlantic, Northeast",Capture production,Tonnes - live weight,0.8,1
Belgium,Red gurnard,"Atlantic, Northeast",Capture production,Tonnes - live weight,NA,0.1
Belgium,Tub gurnard,"Atlantic, Northeast",Capture production,Tonnes - live weight,15.7,22.8
Belgium,Thornback ray,"Atlantic, Northeast",Capture production,Tonnes - live weight,0.3,0.4
Belgium,Small-Spotted catshark,"Atlantic, Northeast",Capture production,Tonnes - live weight,9.9,9.2
Belgium,Edible crab,"Atlantic, Northeast",Capture production,Tonnes - live weight,0.3,0.2
Belgium,Whelk,"Atlantic, Northeast",Capture production,Tonnes - live weight,NA,0.3
Belgium,Great atlantic scallop,"Atlantic, Northeast",Capture production,Tonnes - live weight,0.2,0.3
Belgium,Common cuttlefish,"Atlantic, Northeast",Capture production,Tonnes - live weight,2.7,19.7
Belgium,Octopuses nei,"Atlantic, Northeast",Capture production,Tonnes - live weight,38.8,33.1
Belgium,Common squids nei,"Atlantic, Northeast",Capture production,Tonnes - live weight,NA,0.1
France,European eel,"Atlantic, Northeast",Capture production,Tonnes - live weight,18.982,20.208
France,Atlantic salmon,"Atlantic, Northeast",Capture production,Tonnes - live weight,3.953,3.377
France,European smelt,"Atlantic, Northeast",Capture production,Tonnes - live weight,1.508,0.306
France,Sea trout,"Atlantic, Northeast",Capture production,Tonnes - live weight,0.959,1.81
France,Allis shad,"Atlantic, Northeast",Capture production,Tonnes - live weight,2.244,4.736
France,Allis and twaite shads,"Atlantic, Northeast",Capture production,Tonnes - live weight,3.688,8.448
France,Twaite shad,"Atlantic, Northeast",Capture production,Tonnes - live weight,4.593,2.497
France,Sea lamprey,"Atlantic, Northeast",Capture production,Tonnes - live weight,4.843,NA
France,Brill,"Atlantic, Northeast",Capture production,Tonnes - live weight,39.5907796976242,40.133
France,Wedge sole,"Atlantic, Northeast",Capture production,Tonnes - live weight,412.839,710.157
France,Spotted flounder,"Atlantic, Northeast",Capture production,Tonnes - live weight,0.168,0.019
France,Common dab,"Atlantic, Northeast",Capture production,Tonnes - live weight,1.274,0.507
France,Lemon sole,"Atlantic, Northeast",Capture production,Tonnes - live weight,0.403,0.186
France,Megrims nei,"Atlantic, Northeast",Capture production,Tonnes - live weight,67.6075831533477,111.953876889849
France,Thickback sole,"Atlantic, Northeast",Capture production,Tonnes - live weight,3.064,2.345
France,Senegalese sole,"Atlantic, Northeast",Capture production,Tonnes - live weight,49.853,34.05
France,Amer. plaice(=long rough dab),"Atlantic, Northeast",Capture production,Tonnes - live weight,1.326,0.462
France,European plaice,"Atlantic, Northeast",Capture production,Tonnes - live weight,3.407,2.34
France,Common sole,"Atlantic, Northeast",Capture production,Tonnes - live weight,846.645628509719,930.289069114471
France,Sand sole,"Atlantic, Northeast",Capture production,Tonnes - live weight,113.291397408207,97.581
France,Turbot,"Atlantic, Northeast",Capture production,Tonnes - live weight,35.744939524838,43.2520691144708
France,Pouting(=Bib),"Atlantic, Northeast",Capture production,Tonnes - live weight,113.054874730022,80.7717257019439
France,Blue ling,"Atlantic, Northeast",Capture production,Tonnes - live weight,2.29688768898488,2.19229805615551
France,Atlantic cod,"Atlantic, Northeast",Capture production,Tonnes - live weight,0.032,0.056
France,Gadiformes nei,"Atlantic, Northeast",Capture production,Tonnes - live weight,22.494,19.764
France,Haddock,"Atlantic, Northeast",Capture production,Tonnes - live weight,1.777,2.422
France,European hake,"Atlantic, Northeast",Capture production,Tonnes - live weight,3997.33725701944,3311.57239524838
France,Ling,"Atlantic, Northeast",Capture production,Tonnes - live weight,4.072,3.83320950323974
France,Saithe(=Pollock),"Atlantic, Northeast",Capture production,Tonnes - live weight,0.545,0.159
France,Pollack,"Atlantic, Northeast",Capture production,Tonnes - live weight,25.5557796976242,19.8940043196544
France,Roundnose grenadier,"Atlantic, Northeast",Capture production,Tonnes - live weight,NA,0.089
France,Rocklings nei,"Atlantic, Northeast",Capture production,Tonnes - live weight,0.034,0.185
France,Blue whiting(=poutassou),"Atlantic, Northeast",Capture production,Tonnes - live weight,5.15428941684665,2.5137494600432
France,Whiting,"Atlantic, Northeast",Capture production,Tonnes - live weight,211.874,181.394483801296
France,Combers nei,"Atlantic, Northeast",Capture production,Tonnes - live weight,NA,0.133
France,Bogue,"Atlantic, Northeast",Capture production,Tonnes - live weight,24.7084989200864,7.89827213822894
France,Black seabream,"Atlantic, Northeast",Capture production,Tonnes - live weight,51.0142483801296,39.78
France,European seabass,"Atlantic, Northeast",Capture production,Tonnes - live weight,522.88703887689,568.814347732181
France,Whitemouth croaker,"Atlantic, Northeast",Capture production,Tonnes - live weight,NA,0.013
France,Common two-banded seabream,"Atlantic, Northeast",Capture production,Tonnes - live weight,0.013,0.215
France,Common dentex,"Atlantic, Northeast",Capture production,Tonnes - live weight,0.158,0.195
France,Dusky grouper,"Atlantic, Northeast",Capture production,Tonnes - live weight,0.776,1.37505831533477
France,Leaping mullet,"Atlantic, Northeast",Capture production,Tonnes - live weight,22.644,19.148
France,Golden grey mullet,"Atlantic, Northeast",Capture production,Tonnes - live weight,2.897,6.201
France,Thinlip grey mullet,"Atlantic, Northeast",Capture production,Tonnes - live weight,46.483,27.648
France,Meagre,"Atlantic, Northeast",Capture production,Tonnes - live weight,815.334857451404,525.879
France,Mugil spp,"Atlantic, Northeast",Capture production,Tonnes - live weight,4.961,4.021
France,Thicklip grey mullet,"Atlantic, Northeast",Capture production,Tonnes - live weight,55.463,42.646
France,Mediterranean moray,"Atlantic, Northeast",Capture production,Tonnes - live weight,0.08,NA
France,Surmullet,"Atlantic, Northeast",Capture production,Tonnes - live weight,198.861095032397,274.680639308855
France,Boxlip mullet,"Atlantic, Northeast",Capture production,Tonnes - live weight,0.493,0.998
France,Common pandora,"Atlantic, Northeast",Capture production,Tonnes - live weight,2.55309935205184,2.563
France,Percoids nei,"Atlantic, Northeast",Capture production,Tonnes - live weight,0.045,NA
France,Red porgy,"Atlantic, Northeast",Capture production,Tonnes - live weight,0.602,0.548
France,Sandeels(=Sandlances) nei,"Atlantic, Northeast",Capture production,Tonnes - live weight,0.012,0.029
France,Axillary seabream,"Atlantic, Northeast",Capture production,Tonnes - live weight,21.227,10.366
France,Gilthead seabream,"Atlantic, Northeast",Capture production,Tonnes - live weight,40.8873693304536,36.053
France,Blackspot seabream,"Atlantic, Northeast",Capture production,Tonnes - live weight,0.412,0.347
France,Saddled seabream,"Atlantic, Northeast",Capture production,Tonnes - live weight,3.665,2.37144924406048
France,"Porgies, seabreams nei","Atlantic, Northeast",Capture production,Tonnes - live weight,0.015,NA
France,Zebra seabream,"Atlantic, Northeast",Capture production,Tonnes - live weight,0.048,0.094
France,Sharpsnout seabream,"Atlantic, Northeast",Capture production,Tonnes - live weight,0.218,0.199
France,Salema,"Atlantic, Northeast",Capture production,Tonnes - live weight,10.761,5.999
France,Picarel,"Atlantic, Northeast",Capture production,Tonnes - live weight,NA,0.016
France,Spotted seabass,"Atlantic, Northeast",Capture production,Tonnes - live weight,52.962,41.367
France,Sargo breams nei,"Atlantic, Northeast",Capture production,Tonnes - live weight,NA,0.078
France,Sand steenbras,"Atlantic, Northeast",Capture production,Tonnes - live weight,58.835,54.1430345572354
France,White seabream,"Atlantic, Northeast",Capture production,Tonnes - live weight,94.274,80.924
France,"Triggerfishes, durgons nei","Atlantic, Northeast",Capture production,Tonnes - live weight,7.988,10.318
France,Canary drum(=baardman),"Atlantic, Northeast",Capture production,Tonnes - live weight,77.9397192224622,83.426
France,Ballan wrasse,"Atlantic, Northeast",Capture production,Tonnes - live weight,14.385,12.534
France,Greater weever,"Atlantic, Northeast",Capture production,Tonnes - live weight,121.927,139.135479481641
France,American angler,"Atlantic, Northeast",Capture production,Tonnes - live weight,NA,0.071
France,Boarfish,"Atlantic, Northeast",Capture production,Tonnes - live weight,4.842,NA
France,European conger,"Atlantic, Northeast",Capture production,Tonnes - live weight,206.104483801296,181.497429805616
France,Black cardinal fish,"Atlantic, Northeast",Capture production,Tonnes - live weight,NA,0.014
France,Grey gurnard,"Atlantic, Northeast",Capture production,Tonnes - live weight,11.331747300216,9.64814686825054
France,Piper gurnard,"Atlantic, Northeast",Capture production,Tonnes - live weight,0.72,0.32
France,Red gurnard,"Atlantic, Northeast",Capture production,Tonnes - live weight,36.685,19.8153196544276
France,Tub gurnard,"Atlantic, Northeast",Capture production,Tonnes - live weight,51.8205874730022,91.2888358531317
France,"Gurnards, searobins nei","Atlantic, Northeast",Capture production,Tonnes - live weight,0.453,0.787
France,John dory,"Atlantic, Northeast",Capture production,Tonnes - live weight,17.7346889848812,19.1246673866091
France,Pudgy cuskeel,"Atlantic, Northeast",Capture production,Tonnes - live weight,0.012,0.038
France,Atlantic redfishes nei,"Atlantic, Northeast",Capture production,Tonnes - live weight,3.79565442764579,2.16670194384449
France,Red scorpionfish,"Atlantic, Northeast",Capture production,Tonnes - live weight,0.085,0.22
France,"Scorpionfishes, rockfishes nei","Atlantic, Northeast",Capture production,Tonnes - live weight,4.328,3.12423974082073
France,Atlantic thornyhead,"Atlantic, Northeast",Capture production,Tonnes - live weight,0.031,NA
France,European anchovy,"Atlantic, Northeast",Capture production,Tonnes - live weight,22.9487429805616,1.84
France,"Herrings, sardines nei","Atlantic, Northeast",Capture production,Tonnes - live weight,NA,0.029
France,European pilchard(=sardine),"Atlantic, Northeast",Capture production,Tonnes - live weight,1479.49776457883,1221.19710151188
France,European sprat,"Atlantic, Northeast",Capture production,Tonnes - live weight,0.225,NA
France,Albacore,"Atlantic, Northeast",Capture production,Tonnes - live weight,1066.15391576674,806.053863930886
France,Bigeye tuna,"Atlantic, Northeast",Capture production,Tonnes - live weight,11.4129006479482,26.0137580993521
France,"Marlins,Sailfishes,Etc. nei","Atlantic, Northeast",Capture production,Tonnes - live weight,0.0310475161987041,0.216438444924406
France,Black marlin,"Atlantic, Northeast",Capture production,Tonnes - live weight,0.031,0.27917494600432
France,Atlantic bonito,"Atlantic, Northeast",Capture production,Tonnes - live weight,22.2443693304536,21.4030539956803
France,Little tunny(=atl.black skipj),"Atlantic, Northeast",Capture production,Tonnes - live weight,0.02,NA
France,Striped marlin,"Atlantic, Northeast",Capture production,Tonnes - live weight,0.562,0.182369330453564
France,Skipjack tuna,"Atlantic, Northeast",Capture production,Tonnes - live weight,0.11877969762419,14.2689157667387
France,Swordfish,"Atlantic, Northeast",Capture production,Tonnes - live weight,12.4257796976242,42.6279719222462
France,Barracudas nei,"Atlantic, Northeast",Capture production,Tonnes - live weight,0.31,0.23
France,Carangids nei,"Atlantic, Northeast",Capture production,Tonnes - live weight,0.151,NA
France,Common dolphinfish,"Atlantic, Northeast",Capture production,Tonnes - live weight,NA,0.442198704103672
France,Garfish,"Atlantic, Northeast",Capture production,Tonnes - live weight,0.644,0.302
France,Jack and horse mackerels nei,"Atlantic, Northeast",Capture production,Tonnes - live weight,232.423855291577,678.701485961123
France,Leerfish,"Atlantic, Northeast",Capture production,Tonnes - live weight,NA,0.114
France,Atlantic mackerel,"Atlantic, Northeast",Capture production,Tonnes - live weight,842.441937365011,856.378056155508
France,Ocean sunfish,"Atlantic, Northeast",Capture production,Tonnes - live weight,0.055,NA
France,Atlantic pomfret,"Atlantic, Northeast",Capture production,Tonnes - live weight,2.0951403887689,11.781788336933
France,Silversides(=Sand smelts) nei,"Atlantic, Northeast",Capture production,Tonnes - live weight,0.062,0.027
France,Atlantic chub mackerel,"Atlantic, Northeast",Capture production,Tonnes - live weight,95.5579848812095,88.7552159827214
France,Thresher,"Atlantic, Northeast",Capture production,Tonnes - live weight,13.78,11.9476738660907
France,Blue shark,"Atlantic, Northeast",Capture production,Tonnes - live weight,20.1829330453564,23.4033995680346
France,Picked dogfish,"Atlantic, Northeast",Capture production,Tonnes - live weight,NA,0.173
France,Dogfish sharks nei,"Atlantic, Northeast",Capture production,Tonnes - live weight,0.360479481641469,0.107
France,Tope shark,"Atlantic, Northeast",Capture production,Tonnes - live weight,4.80150971922246,5.72964578833693
France,Ratfishes nei,"Atlantic, Northeast",Capture production,Tonnes - live weight,0.2,0.273
France,Common stingray,"Atlantic, Northeast",Capture production,Tonnes - live weight,1.492,1.751
France,Common eagle ray,"Atlantic, Northeast",Capture production,Tonnes - live weight,0.294,0.433
France,Rays and skates nei,"Atlantic, Northeast",Capture production,Tonnes - live weight,12.717,15.506
France,White skate,"Atlantic, Northeast",Capture production,Tonnes - live weight,0.26,0.215
France,Thornback ray,"Atlantic, Northeast",Capture production,Tonnes - live weight,59.2208596112311,73.672939524838
France,Small-Eyed ray,"Atlantic, Northeast",Capture production,Tonnes - live weight,10.767,8.8776090712743
France,Blonde ray,"Atlantic, Northeast",Capture production,Tonnes - live weight,3.086,7.215
France,Sandy ray,"Atlantic, Northeast",Capture production,Tonnes - live weight,1.951,1.55
France,Spotted ray,"Atlantic, Northeast",Capture production,Tonnes - live weight,2.334,1.94608855291577
France,Cuckoo ray,"Atlantic, Northeast",Capture production,Tonnes - live weight,36.54,46.855
France,Starry ray,"Atlantic, Northeast",Capture production,Tonnes - live weight,0.011,NA
France,Undulate ray,"Atlantic, Northeast",Capture production,Tonnes - live weight,4.317,3.446
France,"Catsharks, nursehounds nei","Atlantic, Northeast",Capture production,Tonnes - live weight,1.324,0.681
France,Smooth-Hounds nei,"Atlantic, Northeast",Capture production,Tonnes - live weight,17.5377796976242,24.892
France,Blackmouth catshark,"Atlantic, Northeast",Capture production,Tonnes - live weight,0.301,0.023
France,Various sharks nei,"Atlantic, Northeast",Capture production,Tonnes - live weight,NA,0.027
France,Shortfin mako,"Atlantic, Northeast",Capture production,Tonnes - live weight,0.057,0.0322397408207343
France,Small-Spotted catshark,"Atlantic, Northeast",Capture production,Tonnes - live weight,28.936,33.168
France,Nursehound,"Atlantic, Northeast",Capture production,Tonnes - live weight,0.019,0.032
France,Marbled electric ray,"Atlantic, Northeast",Capture production,Tonnes - live weight,5.14,4.167
France,Marine fishes nei,"Atlantic, Northeast",Capture production,Tonnes - live weight,33.1072073434125,25.7885269978402
France,Marine crabs nei,"Atlantic, Northeast",Capture production,Tonnes - live weight,0.442,0.136
France,Edible crab,"Atlantic, Northeast",Capture production,Tonnes - live weight,42.313,29.8128164146868
France,Green crab,"Atlantic, Northeast",Capture production,Tonnes - live weight,0.094,0.187
France,Velvet swimcrab,"Atlantic, Northeast",Capture production,Tonnes - live weight,1.112,0.883
France,Spinous spider crab,"Atlantic, Northeast",Capture production,Tonnes - live weight,37.47,72.1655507559395
France,European lobster,"Atlantic, Northeast",Capture production,Tonnes - live weight,14.5645291576674,9.84101943844492
France,Lobsters nei,"Atlantic, Northeast",Capture production,Tonnes - live weight,0.024,NA
France,Royal spiny lobster,"Atlantic, Northeast",Capture production,Tonnes - live weight,0.042,NA
France,Norway lobster,"Atlantic, Northeast",Capture production,Tonnes - live weight,98.458,103.65
France,Pink spiny lobster,"Atlantic, Northeast",Capture production,Tonnes - live weight,0.492,0.74
France,Common spiny lobster,"Atlantic, Northeast",Capture production,Tonnes - live weight,3.299,4.66426781857451
France,Spiny lobsters nei,"Atlantic, Northeast",Capture production,Tonnes - live weight,0.018,0.027
France,Common prawn,"Atlantic, Northeast",Capture production,Tonnes - live weight,9.108,10.024
France,Common shrimp,"Atlantic, Northeast",Capture production,Tonnes - live weight,35.605,21.4
France,Deep-Water rose shrimp,"Atlantic, Northeast",Capture production,Tonnes - live weight,0.027,0.116
France,Delta prawn,"Atlantic, Northeast",Capture production,Tonnes - live weight,10.649,6.1
France,Marine crustaceans nei,"Atlantic, Northeast",Capture production,Tonnes - live weight,0.336,0.111
France,Tuberculate abalone,"Atlantic, Northeast",Capture production,Tonnes - live weight,NA,0.07
France,Whelk,"Atlantic, Northeast",Capture production,Tonnes - live weight,0.891,2.602
France,Queen scallop,"Atlantic, Northeast",Capture production,Tonnes - live weight,0.84051403887689,11.442
France,Great atlantic scallop,"Atlantic, Northeast",Capture production,Tonnes - live weight,23.14,30.0409892008639
France,Variegated scallop,"Atlantic, Northeast",Capture production,Tonnes - live weight,6.874,NA
France,Northern quahog(=hard clam),"Atlantic, Northeast",Capture production,Tonnes - live weight,NA,0.052
France,Common edible cockle,"Atlantic, Northeast",Capture production,Tonnes - live weight,NA,1.727
France,Common european bittersweet,"Atlantic, Northeast",Capture production,Tonnes - live weight,0.966,0.507
France,Carpet shells nei,"Atlantic, Northeast",Capture production,Tonnes - live weight,3.435,3.621
France,Warty venus,"Atlantic, Northeast",Capture production,Tonnes - live weight,0.068,0.126
France,Common cuttlefish,"Atlantic, Northeast",Capture production,Tonnes - live weight,722.174680345572,754.934820734341
France,"Cuttlefish, bobtail squids nei","Atlantic, Northeast",Capture production,Tonnes - live weight,13.976,18.826
France,Pink cuttlefish,"Atlantic, Northeast",Capture production,Tonnes - live weight,0.036,NA
France,Shortfin squids nei,"Atlantic, Northeast",Capture production,Tonnes - live weight,102.792498920086,121.311019438445
France,Common octopus,"Atlantic, Northeast",Capture production,Tonnes - live weight,18.7976997840173,12.9245097192225
France,"Octopuses, etc. nei","Atlantic, Northeast",Capture production,Tonnes - live weight,42.3475097192225,42.975
France,Various squids nei,"Atlantic, Northeast",Capture production,Tonnes - live weight,0.219,0.393
France,Inshore squids nei,"Atlantic, Northeast",Capture production,Tonnes - live weight,269.94896112311,179.655509719222
France,"Sea urchins, etc. nei","Atlantic, Northeast",Capture production,Tonnes - live weight,0.35,0.296
France,Sponges,"Atlantic, Northeast",Capture production,Tonnes - live weight,0.054,NA
Ireland,Albacore,"Atlantic, Northeast",Capture production,Tonnes - live weight,NA,642.462243412527
Ireland,Blue marlin,"Atlantic, Northeast",Capture production,Tonnes - live weight,NA,0.264038876889849
Ireland,Swordfish,"Atlantic, Northeast",Capture production,Tonnes - live weight,0.38914686825054,4.15242915766739
Portugal,Lake(=Common) whitefish,"Atlantic, Northeast",Capture production,Tonnes - live weight,0.00539956803455724,NA
Portugal,Brill,"Atlantic, Northeast",Capture production,Tonnes - live weight,0.00539956803455724,NA
Portugal,Wedge sole,"Atlantic, Northeast",Capture production,Tonnes - live weight,0.0971922246220302,NA
Portugal,Four-Spot megrim,"Atlantic, Northeast",Capture production,Tonnes - live weight,NA,0.434665226781857
Portugal,Megrims nei,"Atlantic, Northeast",Capture production,Tonnes - live weight,0.294276457883369,1.0475161987041
Portugal,Megrim,"Atlantic, Northeast",Capture production,Tonnes - live weight,NA,0.153887688984881
Portugal,Thickback sole,"Atlantic, Northeast",Capture production,Tonnes - live weight,0.0296976241900648,NA
Portugal,Common sole,"Atlantic, Northeast",Capture production,Tonnes - live weight,NA,0.00269978401727862
Portugal,Solea spp,"Atlantic, Northeast",Capture production,Tonnes - live weight,0.105291576673866,NA
Portugal,Turbot,"Atlantic, Northeast",Capture production,Tonnes - live weight,0.00539956803455724,0.00809935205183585
Portugal,Pouting(=Bib),"Atlantic, Northeast",Capture production,Tonnes - live weight,0.113390928725702,0.00809935205183585
Portugal,Blue ling,"Atlantic, Northeast",Capture production,Tonnes - live weight,0.00809935205183585,NA
Portugal,European hake,"Atlantic, Northeast",Capture production,Tonnes - live weight,1.60097192224622,3.12904967602592
Portugal,Common mora,"Atlantic, Northeast",Capture production,Tonnes - live weight,0.00539956803455724,NA
Portugal,Blue whiting(=poutassou),"Atlantic, Northeast",Capture production,Tonnes - live weight,1.43628509719222,72.10313174946
Portugal,Bogue,"Atlantic, Northeast",Capture production,Tonnes - live weight,0.475161987041037,0.278077753779698
Portugal,Black seabream,"Atlantic, Northeast",Capture production,Tonnes - live weight,0.00539956803455724,NA
Portugal,Surmullet,"Atlantic, Northeast",Capture production,Tonnes - live weight,0.0188984881209503,0.140388768898488
Portugal,Surmullets(=Red mullets) nei,"Atlantic, Northeast",Capture production,Tonnes - live weight,0.00539956803455724,NA
Portugal,Axillary seabream,"Atlantic, Northeast",Capture production,Tonnes - live weight,0.0188984881209503,0.0134989200863931
Portugal,Blackspot seabream,"Atlantic, Northeast",Capture production,Tonnes - live weight,0.00269978401727862,NA
Portugal,Blackbellied angler,"Atlantic, Northeast",Capture production,Tonnes - live weight,0.183855291576674,0.934125269978402
Portugal,Boarfish,"Atlantic, Northeast",Capture production,Tonnes - live weight,1.42548596112311,NA
Portugal,European conger,"Atlantic, Northeast",Capture production,Tonnes - live weight,0.0404967602591793,0.0836933045356372
Portugal,Piper gurnard,"Atlantic, Northeast",Capture production,Tonnes - live weight,NA,0.035097192224622
Portugal,Red gurnard,"Atlantic, Northeast",Capture production,Tonnes - live weight,0.00539956803455724,0.035097192224622
Portugal,Tub gurnard,"Atlantic, Northeast",Capture production,Tonnes - live weight,0.00269978401727862,0.0269978401727862
Portugal,Gurnards nei,"Atlantic, Northeast",Capture production,Tonnes - live weight,0.0188984881209503,NA
Portugal,John dory,"Atlantic, Northeast",Capture production,Tonnes - live weight,0.0620950323974082,0.140388768898488
Portugal,Large-Scaled gurnard,"Atlantic, Northeast",Capture production,Tonnes - live weight,0.056695464362851,0.0134989200863931
Portugal,Escolar,"Atlantic, Northeast",Capture production,Tonnes - live weight,0.0134989200863931,NA
Portugal,Angler(=Monk),"Atlantic, Northeast",Capture production,Tonnes - live weight,0.221004319654428,1.25809935205184
Portugal,Red scorpionfish,"Atlantic, Northeast",Capture production,Tonnes - live weight,NA,0.0107991360691145
Portugal,"Scorpionfishes, rockfishes nei","Atlantic, Northeast",Capture production,Tonnes - live weight,0.00809935205183585,NA
Portugal,Small red scorpionfish,"Atlantic, Northeast",Capture production,Tonnes - live weight,0.00269978401727862,NA
Portugal,Swordfish,"Atlantic, Northeast",Capture production,Tonnes - live weight,0.413066954643629,0.0539956803455724
Portugal,Atlantic horse mackerel,"Atlantic, Northeast",Capture production,Tonnes - live weight,44.4953293736501,25.3320734341253
Portugal,Blue jack mackerel,"Atlantic, Northeast",Capture production,Tonnes - live weight,0.0550755939524838,NA
Portugal,Jack and horse mackerels nei,"Atlantic, Northeast",Capture production,Tonnes - live weight,5.26414686825054,NA
Portugal,Atlantic mackerel,"Atlantic, Northeast",Capture production,Tonnes - live weight,739.42494600432,384.430345572354
Portugal,Atlantic pomfret,"Atlantic, Northeast",Capture production,Tonnes - live weight,0.00269978401727862,NA
Portugal,Blue shark,"Atlantic, Northeast",Capture production,Tonnes - live weight,79.3392440604752,NA
Portugal,Thornback ray,"Atlantic, Northeast",Capture production,Tonnes - live weight,0.35097192224622,0.359071274298056
Portugal,Blackmouth catshark,"Atlantic, Northeast",Capture production,Tonnes - live weight,0.0107991360691145,NA
Portugal,Nursehound,"Atlantic, Northeast",Capture production,Tonnes - live weight,0.35097192224622,6.30669546436285
Portugal,Common cuttlefish,"Atlantic, Northeast",Capture production,Tonnes - live weight,0.00269978401727862,NA
Portugal,Horned octopus,"Atlantic, Northeast",Capture production,Tonnes - live weight,1.14470842332613,0.164686825053996
Portugal,Common octopus,"Atlantic, Northeast",Capture production,Tonnes - live weight,0.0134989200863931,NA
Portugal,Alloteuthis squids nei,"Atlantic, Northeast",Capture production,Tonnes - live weight,0.0134989200863931,NA
Portugal,Common squids nei,"Atlantic, Northeast",Capture production,Tonnes - live weight,0.00809935205183585,NA
Portugal,European flying squid,"Atlantic, Northeast",Capture production,Tonnes - live weight,0.00809935205183585,0.0782937365010799
Portugal,Northern shortfin squid,"Atlantic, Northeast",Capture production,Tonnes - live weight,98.3990280777538,18.6123110151188
Portugal,Broadtail shortfin squid,"Atlantic, Northeast",Capture production,Tonnes - live weight,40.9017278617711,5.12688984881209
Portugal,European squid,"Atlantic, Northeast",Capture production,Tonnes - live weight,0.0296976241900648,0.0188984881209503
Portugal,Lesser flying squid,"Atlantic, Northeast",Capture production,Tonnes - live weight,0.0674946004319654,NA
Spain,Sturgeons nei,"Atlantic, Northeast",Capture production,Tonnes - live weight,NA,0.0107991360691145
Spain,European eel,"Atlantic, Northeast",Capture production,Tonnes - live weight,0.286177105831533,0.531857451403888
Spain,Atlantic salmon,"Atlantic, Northeast",Capture production,Tonnes - live weight,0.00539956803455724,0.00269978401727862
Spain,Salmonoids nei,"Atlantic, Northeast",Capture production,Tonnes - live weight,0.0323974082073434,0.0242980561555076
Spain,Sea trout,"Atlantic, Northeast",Capture production,Tonnes - live weight,0.00269978401727862,0
Spain,Allis shad,"Atlantic, Northeast",Capture production,Tonnes - live weight,0.537257019438445,0.404967602591793
Spain,Allis and twaite shads,"Atlantic, Northeast",Capture production,Tonnes - live weight,0.0404967602591793,0.091792656587473
Spain,Twaite shad,"Atlantic, Northeast",Capture production,Tonnes - live weight,6.84935205183585,13.0386609071274
Spain,Brill,"Atlantic, Northeast",Capture production,Tonnes - live weight,3.47313174946004,2.85568034557235
Spain,Wedge sole,"Atlantic, Northeast",Capture production,Tonnes - live weight,6.59166306695464,5.12844492440605
Spain,Spotted flounder,"Atlantic, Northeast",Capture production,Tonnes - live weight,0.00809935205183585,0.00809935205183585
Spain,Common dab,"Atlantic, Northeast",Capture production,Tonnes - live weight,0,0.00269978401727862
Spain,Atlantic halibut,"Atlantic, Northeast",Capture production,Tonnes - live weight,0,0
Spain,Four-Spot megrim,"Atlantic, Northeast",Capture production,Tonnes - live weight,12.5251187904968,15.7605399568035
Spain,Lemon sole,"Atlantic, Northeast",Capture production,Tonnes - live weight,NA,0
Spain,Megrims nei,"Atlantic, Northeast",Capture production,Tonnes - live weight,402.805939524838,462.83838012959
Spain,Megrim,"Atlantic, Northeast",Capture production,Tonnes - live weight,6.3211879049676,3.65287257019438
Spain,Bastard sole,"Atlantic, Northeast",Capture production,Tonnes - live weight,0.0404967602591793,0.00269978401727862
Spain,Thickback sole,"Atlantic, Northeast",Capture production,Tonnes - live weight,25.2067818574514,26.4568898488121
Spain,European plaice,"Atlantic, Northeast",Capture production,Tonnes - live weight,0.356371490280778,0.472462203023758
Spain,Righteye flounders nei,"Atlantic, Northeast",Capture production,Tonnes - live weight,0.0485961123110151,0.0998920086393089
Spain,Common sole,"Atlantic, Northeast",Capture production,Tonnes - live weight,33.532807775378,35.8960475161987
Spain,Solea spp,"Atlantic, Northeast",Capture production,Tonnes - live weight,0.0242980561555076,0.0431965442764579
Spain,Sand sole,"Atlantic, Northeast",Capture production,Tonnes - live weight,2.85427645788337,3.59652267818575
Spain,Soles nei,"Atlantic, Northeast",Capture production,Tonnes - live weight,0.0755939524838013,0.0512958963282937
Spain,Thickback soles nei,"Atlantic, Northeast",Capture production,Tonnes - live weight,0.89,0.06
Spain,Turbot,"Atlantic, Northeast",Capture production,Tonnes - live weight,8.40034557235421,9.76442764578834
Spain,Witch flounder,"Atlantic, Northeast",Capture production,Tonnes - live weight,0,NA
Spain,Portuguese sole,"Atlantic, Northeast",Capture production,Tonnes - live weight,0.00269978401727862,0
Spain,Topknot,"Atlantic, Northeast",Capture production,Tonnes - live weight,0.00809935205183585,0
Spain,Blue antimora,"Atlantic, Northeast",Capture production,Tonnes - live weight,NA,0.00269978401727862
Spain,Pouting(=Bib),"Atlantic, Northeast",Capture production,Tonnes - live weight,381.500539956803,304.434190064795
Spain,Blue ling,"Atlantic, Northeast",Capture production,Tonnes - live weight,15.5221598272138,18.3110151187905
Spain,Atlantic cod,"Atlantic, Northeast",Capture production,Tonnes - live weight,0.00539956803455724,0.0107991360691145
Spain,Gadiformes nei,"Atlantic, Northeast",Capture production,Tonnes - live weight,0.248380129589633,0.0188984881209503
Spain,Silvery pout,"Atlantic, Northeast",Capture production,Tonnes - live weight,0.00269978401727862,NA
Spain,Shore rockling,"Atlantic, Northeast",Capture production,Tonnes - live weight,0.259179265658747,0.383369330453564
Spain,Three-Bearded rockling,"Atlantic, Northeast",Capture production,Tonnes - live weight,0.116090712742981,0.00539956803455724
Spain,Haddock,"Atlantic, Northeast",Capture production,Tonnes - live weight,NA,0.00539956803455724
Spain,European hake,"Atlantic, Northeast",Capture production,Tonnes - live weight,4178.6217062635,4083.30129589633
Spain,White hake,"Atlantic, Northeast",Capture production,Tonnes - live weight,0.0296976241900648,0.0161987041036717
Spain,Fivebeard rockling,"Atlantic, Northeast",Capture production,Tonnes - live weight,0.0485961123110151,0.0161987041036717
Spain,Ling,"Atlantic, Northeast",Capture production,Tonnes - live weight,2.33406047516199,2.20436285097192
Spain,Moras nei,"Atlantic, Northeast",Capture production,Tonnes - live weight,NA,0.00809935205183585
Spain,Norway pout,"Atlantic, Northeast",Capture production,Tonnes - live weight,0.0161987041036717,0.0269978401727862
Spain,Poor cod,"Atlantic, Northeast",Capture production,Tonnes - live weight,0.58585313174946,0.294276457883369
Spain,Saithe(=Pollock),"Atlantic, Northeast",Capture production,Tonnes - live weight,0.0323974082073434,0.0161987041036717
Spain,Pollack,"Atlantic, Northeast",Capture production,Tonnes - live weight,50.7493952483801,46.7607991360691
Spain,Tadpole fish,"Atlantic, Northeast",Capture production,Tonnes - live weight,NA,0.00539956803455724
Spain,Roughhead grenadier,"Atlantic, Northeast",Capture production,Tonnes - live weight,0,NA
Spain,Common mora,"Atlantic, Northeast",Capture production,Tonnes - live weight,1.58568034557235,0.909935205183585
Spain,Rocklings nei,"Atlantic, Northeast",Capture production,Tonnes - live weight,0.0107991360691145,0.0558963282937365
Spain,Spanish ling,"Atlantic, Northeast",Capture production,Tonnes - live weight,0.591252699784017,0.398768898488121
Spain,Blue whiting(=poutassou),"Atlantic, Northeast",Capture production,Tonnes - live weight,3816.10069114471,4899.36842332613
Spain,Whiting,"Atlantic, Northeast",Capture production,Tonnes - live weight,13.39,5.20269978401728
Spain,Annular seabream,"Atlantic, Northeast",Capture production,Tonnes - live weight,0.0134989200863931,0.0161987041036717
Spain,Daggertooth,"Atlantic, Northeast",Capture production,Tonnes - live weight,NA,0.00269978401727862
Spain,Combers nei,"Atlantic, Northeast",Capture production,Tonnes - live weight,0.0188984881209503,0.0296976241900648
Spain,Combtooth blennies,"Atlantic, Northeast",Capture production,Tonnes - live weight,0.00539956803455724,0
Spain,Bogue,"Atlantic, Northeast",Capture production,Tonnes - live weight,711.386933045356,197.667624190065
Spain,Black seabream,"Atlantic, Northeast",Capture production,Tonnes - live weight,24.0982937365011,15.316090712743
Spain,Bluespotted seabream,"Atlantic, Northeast",Capture production,Tonnes - live weight,0,0.00539956803455724
Spain,European seabass,"Atlantic, Northeast",Capture production,Tonnes - live weight,83.8159611231102,75.7569330453564
Spain,"Groupers, seabasses nei","Atlantic, Northeast",Capture production,Tonnes - live weight,0.159697624190065,0.385896328293737
Spain,Brown meagre,"Atlantic, Northeast",Capture production,Tonnes - live weight,0.0728941684665227,0.134989200863931
Spain,Comber,"Atlantic, Northeast",Capture production,Tonnes - live weight,5.96185745140389,5.26727861771058
Spain,"Croakers, drums nei","Atlantic, Northeast",Capture production,Tonnes - live weight,0.0134989200863931,0.0323974082073434
Spain,Shi drum,"Atlantic, Northeast",Capture production,Tonnes - live weight,0.583261339092873,1.1414686825054
Spain,Rainbow wrasse,"Atlantic, Northeast",Capture production,Tonnes - live weight,0.356371490280778,0.658747300215983
Spain,Common two-banded seabream,"Atlantic, Northeast",Capture production,Tonnes - live weight,1.43924406047516,1.35431965442765
Spain,Common dentex,"Atlantic, Northeast",Capture production,Tonnes - live weight,1.47408207343413,1.4011879049676
Spain,Large-Eye dentex,"Atlantic, Northeast",Capture production,Tonnes - live weight,0.0323974082073434,0.0323974082073434
Spain,Dentex nei,"Atlantic, Northeast",Capture production,Tonnes - live weight,0.0188984881209503,0.00539956803455724
Spain,Flying gurnard,"Atlantic, Northeast",Capture production,Tonnes - live weight,NA,0
Spain,Rubberlip grunt,"Atlantic, Northeast",Capture production,Tonnes - live weight,0.0269978401727862,0.0134989200863931
Spain,Red-Mouthed goby,"Atlantic, Northeast",Capture production,Tonnes - live weight,NA,0.00809935205183585
Spain,Gobies nei,"Atlantic, Northeast",Capture production,Tonnes - live weight,0.110691144708423,0.0512958963282937
Spain,Dusky grouper,"Atlantic, Northeast",Capture production,Tonnes - live weight,0.670647948164147,1.06481641468683
Spain,White grouper,"Atlantic, Northeast",Capture production,Tonnes - live weight,0,0
Spain,"Grunts, sweetlips nei","Atlantic, Northeast",Capture production,Tonnes - live weight,0.264578833693305,0.0161987041036717
Spain,Dragonet,"Atlantic, Northeast",Capture production,Tonnes - live weight,0,0.0161987041036717
Spain,Leaping mullet,"Atlantic, Northeast",Capture production,Tonnes - live weight,0.0242980561555076,0.00539956803455724
Spain,Golden grey mullet,"Atlantic, Northeast",Capture production,Tonnes - live weight,0.0107991360691145,0.00539956803455724
Spain,Thinlip grey mullet,"Atlantic, Northeast",Capture production,Tonnes - live weight,0.0647948164146868,0.0134989200863931
Spain,Meagre,"Atlantic, Northeast",Capture production,Tonnes - live weight,1.2651403887689,1.37984881209503
Spain,Mugil spp,"Atlantic, Northeast",Capture production,Tonnes - live weight,0.00539956803455724,0.0188984881209503
Spain,Thicklip grey mullet,"Atlantic, Northeast",Capture production,Tonnes - live weight,0.0971922246220302,0.0323974082073434
Spain,Mediterranean moray,"Atlantic, Northeast",Capture production,Tonnes - live weight,0.0580993520518359,0.0107991360691145
Spain,"Morays eels, etc. nei","Atlantic, Northeast",Capture production,Tonnes - live weight,0.0153995680345572,NA
Spain,Mullets nei,"Atlantic, Northeast",Capture production,Tonnes - live weight,0.197084233261339,0.0612958963282937
Spain,"Goatfishes, red mullets nei","Atlantic, Northeast",Capture production,Tonnes - live weight,0.00539956803455724,NA
Spain,Surmullet,"Atlantic, Northeast",Capture production,Tonnes - live weight,28.4284881209503,30.7785529157667
Spain,Red mullet,"Atlantic, Northeast",Capture production,Tonnes - live weight,0.367170626349892,0.907127429805615
Spain,Surmullets(=Red mullets) nei,"Atlantic, Northeast",Capture production,Tonnes - live weight,66.2055723542117,144.696760259179
Spain,Highfin lizardfish,"Atlantic, Northeast",Capture production,Tonnes - live weight,0,NA
Spain,Cardinal fish,"Atlantic, Northeast",Capture production,Tonnes - live weight,0.0863930885529158,NA
Spain,Common pandora,"Atlantic, Northeast",Capture production,Tonnes - live weight,24.8850107991361,25.4192656587473
Spain,Pandoras nei,"Atlantic, Northeast",Capture production,Tonnes - live weight,0.0107991360691145,0.00269978401727862
Spain,Percoids nei,"Atlantic, Northeast",Capture production,Tonnes - live weight,0.196285097192225,0.221382289416847
Spain,Red porgy,"Atlantic, Northeast",Capture production,Tonnes - live weight,6.37319654427646,4.302656587473
Spain,Sandeels(=Sandlances) nei,"Atlantic, Northeast",Capture production,Tonnes - live weight,0.615550755939525,0.602051835853132
Spain,Axillary seabream,"Atlantic, Northeast",Capture production,Tonnes - live weight,33.8819006479482,30.1112958963283
Spain,Gilthead seabream,"Atlantic, Northeast",Capture production,Tonnes - live weight,3.4107343412527,1.5033909287257
Spain,Pargo breams nei,"Atlantic, Northeast",Capture production,Tonnes - live weight,0.00269978401727862,0.00269978401727862
Spain,Blackspot seabream,"Atlantic, Northeast",Capture production,Tonnes - live weight,20.3803023758099,16.7858315334773
Spain,Saddled seabream,"Atlantic, Northeast",Capture production,Tonnes - live weight,38.9295896328294,46.9549892008639
Spain,"Porgies, seabreams nei","Atlantic, Northeast",Capture production,Tonnes - live weight,0.134989200863931,0.0134989200863931
Spain,Zebra seabream,"Atlantic, Northeast",Capture production,Tonnes - live weight,0.0809935205183585,0.0890928725701944
Spain,Black-Striped pipefish,"Atlantic, Northeast",Capture production,Tonnes - live weight,0,0.00809935205183585
Spain,Salema,"Atlantic, Northeast",Capture production,Tonnes - live weight,104.430345572354,46.9001943844492
Spain,Spotted seabass,"Atlantic, Northeast",Capture production,Tonnes - live weight,0.0161987041036717,0.0269978401727862
Spain,Sargo breams nei,"Atlantic, Northeast",Capture production,Tonnes - live weight,1.78056155507559,1.04211663066955
Spain,Brown comber,"Atlantic, Northeast",Capture production,Tonnes - live weight,0.205183585313175,0.0107991360691145
Spain,Painted comber,"Atlantic, Northeast",Capture production,Tonnes - live weight,0.0593952483801296,0.0107991360691145
Spain,Sand steenbras,"Atlantic, Northeast",Capture production,Tonnes - live weight,1.22831533477322,2.85617710583153
Spain,Broadnosed pipefish,"Atlantic, Northeast",Capture production,Tonnes - live weight,0.0134989200863931,NA
Spain,White seabream,"Atlantic, Northeast",Capture production,Tonnes - live weight,62.6637365010799,32.8154859611231
Spain,Lesser weever,"Atlantic, Northeast",Capture production,Tonnes - live weight,0.0188984881209503,0.035097192224622
Spain,Weeverfishes nei,"Atlantic, Northeast",Capture production,Tonnes - live weight,4.50969762419007,0.0942980561555076
Spain,Grey triggerfish,"Atlantic, Northeast",Capture production,Tonnes - live weight,1.40928725701944,1.8782505399568
Spain,"Triggerfishes, durgons nei","Atlantic, Northeast",Capture production,Tonnes - live weight,0,0.00809935205183585
Spain,Drums nei,"Atlantic, Northeast",Capture production,Tonnes - live weight,0.0269978401727862,0.00539956803455724
Spain,Canary drum(=baardman),"Atlantic, Northeast",Capture production,Tonnes - live weight,2.73848812095032,1.39414686825054
Spain,Ballan wrasse,"Atlantic, Northeast",Capture production,Tonnes - live weight,26.7486609071274,21.2877969762419
Spain,Cuckoo wrasse,"Atlantic, Northeast",Capture production,Tonnes - live weight,1.62308855291577,2.29304535637149
Spain,Greater weever,"Atlantic, Northeast",Capture production,Tonnes - live weight,85.5038660907127,75.0003887688985
Spain,Weevers nei,"Atlantic, Northeast",Capture production,Tonnes - live weight,NA,0.0323974082073434
Spain,"Wrasses, hogfishes, etc. nei","Atlantic, Northeast",Capture production,Tonnes - live weight,0.372570194384449,0.110691144708423
Spain,Blacktail comber,"Atlantic, Northeast",Capture production,Tonnes - live weight,0,0.00809935205183585
Spain,Blackbellied angler,"Atlantic, Northeast",Capture production,Tonnes - live weight,278.420064794816,605.297192224622
Spain,Argentines,"Atlantic, Northeast",Capture production,Tonnes - live weight,0.89,NA
Spain,Greater argentine,"Atlantic, Northeast",Capture production,Tonnes - live weight,0,0
Spain,Argentine,"Atlantic, Northeast",Capture production,Tonnes - live weight,15.9363066954644,16.9459611231102
Spain,Black scorpionfish,"Atlantic, Northeast",Capture production,Tonnes - live weight,11.7089632829374,13.5421166306695
Spain,Elongate frostfish,"Atlantic, Northeast",Capture production,Tonnes - live weight,0.437365010799136,1.15820734341253
Spain,Boarfish,"Atlantic, Northeast",Capture production,Tonnes - live weight,2.83477321814255,8.5041252699784
Spain,Boarfishes nei,"Atlantic, Northeast",Capture production,Tonnes - live weight,0.0512958963282937,NA
Spain,Bristlemouths,"Atlantic, Northeast",Capture production,Tonnes - live weight,0.00809935205183585,0.0215982721382289
Spain,"Alfonsinos, etc. nei","Atlantic, Northeast",Capture production,Tonnes - live weight,0.0207991360691145,0.00539956803455724
Spain,Alfonsino,"Atlantic, Northeast",Capture production,Tonnes - live weight,7.30606911447084,6.83550755939525
Spain,Splendid alfonsino,"Atlantic, Northeast",Capture production,Tonnes - live weight,5.46157667386609,2.13278617710583
Spain,Wolffishes(=Catfishes) nei,"Atlantic, Northeast",Capture production,Tonnes - live weight,0,0.0242980561555076
Spain,Red bandfish,"Atlantic, Northeast",Capture production,Tonnes - live weight,4.40844492440605,11.3551403887689
Spain,Kroyer's deep-sea angler fish,"Atlantic, Northeast",Capture production,Tonnes - live weight,0,NA
Spain,Rudderfish,"Atlantic, Northeast",Capture production,Tonnes - live weight,NA,0.877429805615551
Spain,European conger,"Atlantic, Northeast",Capture production,Tonnes - live weight,275.417192224622,219.156090712743
Spain,"Conger eels, etc. nei","Atlantic, Northeast",Capture production,Tonnes - live weight,0,0.0188984881209503
Spain,Streaked gurnard,"Atlantic, Northeast",Capture production,Tonnes - live weight,0.432267818574514,0.457473002159827
Spain,"Hairtails, scabbardfishes nei","Atlantic, Northeast",Capture production,Tonnes - live weight,0.0269978401727862,0.0863930885529158
Spain,Demersal percomorphs nei,"Atlantic, Northeast",Capture production,Tonnes - live weight,0.170086393088553,0.174686825053996
Spain,Black cardinal fish,"Atlantic, Northeast",Capture production,Tonnes - live weight,0.0539956803455724,0.0890928725701944
Spain,Eustomias obscurus,"Atlantic, Northeast",Capture production,Tonnes - live weight,0.00539956803455724,NA
Spain,"Snake mackerels, escolars nei","Atlantic, Northeast",Capture production,Tonnes - live weight,0.0647948164146868,0.296997840172786
Spain,Grey gurnard,"Atlantic, Northeast",Capture production,Tonnes - live weight,105.655075593952,128.665939524838
Spain,Indo-Pacific gurnards,"Atlantic, Northeast",Capture production,Tonnes - live weight,0.00539956803455724,0.00269978401727862
Spain,Longfin gurnard,"Atlantic, Northeast",Capture production,Tonnes - live weight,0,0.0107991360691145
Spain,Piper gurnard,"Atlantic, Northeast",Capture production,Tonnes - live weight,3.27388768898488,3.95861771058315
Spain,Red gurnard,"Atlantic, Northeast",Capture production,Tonnes - live weight,18.8834557235421,20.3290928725702
Spain,Tub gurnard,"Atlantic, Northeast",Capture production,Tonnes - live weight,12.7279913606911,13.4339740820734
Spain,"Gurnards, searobins nei","Atlantic, Northeast",Capture production,Tonnes - live weight,5.7360475161987,0.727084233261339
Spain,Gurnards nei,"Atlantic, Northeast",Capture production,Tonnes - live weight,27.4456371490281,25.4590064794816
Spain,Mediterranean slimehead,"Atlantic, Northeast",Capture production,Tonnes - live weight,0.218682505399568,0.135291576673866
Spain,Pelagic basslet,"Atlantic, Northeast",Capture production,Tonnes - live weight,NA,0
Spain,Anomalous lanternfish,"Atlantic, Northeast",Capture production,Tonnes - live weight,0,0
Spain,John dory,"Atlantic, Northeast",Capture production,Tonnes - live weight,39.0142980561555,36.4330885529158
Spain,Silvery john dory,"Atlantic, Northeast",Capture production,Tonnes - live weight,0.00539956803455724,0.00809935205183585
Spain,Large-Scaled gurnard,"Atlantic, Northeast",Capture production,Tonnes - live weight,0.0161987041036717,0.00269978401727862
Spain,Escolar,"Atlantic, Northeast",Capture production,Tonnes - live weight,0.107991360691145,0.125097192224622
Spain,Largehead hairtail,"Atlantic, Northeast",Capture production,Tonnes - live weight,0.0647948164146868,0.143088552915767
Spain,Montagus seasnail,"Atlantic, Northeast",Capture production,Tonnes - live weight,0.00269978401727862,NA
Spain,Madeira lantern fish,"Atlantic, Northeast",Capture production,Tonnes - live weight,NA,0
Spain,Monkfishes nei,"Atlantic, Northeast",Capture production,Tonnes - live weight,16.5579265658747,24.6946004319654
Spain,Angler(=Monk),"Atlantic, Northeast",Capture production,Tonnes - live weight,218.189481641469,279.985097192225
Spain,Oilfish,"Atlantic, Northeast",Capture production,Tonnes - live weight,0.00269978401727862,0.00809935205183585
Spain,"Cusk-Eels, brotulas nei","Atlantic, Northeast",Capture production,Tonnes - live weight,0.529157667386609,NA
Spain,Orange roughy,"Atlantic, Northeast",Capture production,Tonnes - live weight,0,NA
Spain,Offshore rockfish,"Atlantic, Northeast",Capture production,Tonnes - live weight,0.0134989200863931,0.00269978401727862
Spain,Atlantic redfishes nei,"Atlantic, Northeast",Capture production,Tonnes - live weight,0.107991360691145,0.045097192224622
Spain,Golden redfish,"Atlantic, Northeast",Capture production,Tonnes - live weight,NA,0
Spain,Abyssal smooth-head,"Atlantic, Northeast",Capture production,Tonnes - live weight,0.00269978401727862,NA
Spain,Rhodichthys regina,"Atlantic, Northeast",Capture production,Tonnes - live weight,NA,0.00269978401727862
Spain,Red scorpionfish,"Atlantic, Northeast",Capture production,Tonnes - live weight,13.5815334773218,13.9101943844492
Spain,Boa dragonfish,"Atlantic, Northeast",Capture production,Tonnes - live weight,0.00269978401727862,0.00539956803455724
Spain,"Scorpionfishes, redfishes nei","Atlantic, Northeast",Capture production,Tonnes - live weight,0.437365010799136,0.0593952483801296
Spain,"Scorpionfishes, rockfishes nei","Atlantic, Northeast",Capture production,Tonnes - live weight,0.148488120950324,0.132289416846652
Spain,Small red scorpionfish,"Atlantic, Northeast",Capture production,Tonnes - live weight,0.0539956803455724,0.177796976241901
Spain,Hairtails nei,"Atlantic, Northeast",Capture production,Tonnes - live weight,0,NA
Spain,Atlantic thornyhead,"Atlantic, Northeast",Capture production,Tonnes - live weight,1.59827213822894,1.9438444924406
Spain,Threelight dragonfish,"Atlantic, Northeast",Capture production,Tonnes - live weight,NA,0
Spain,Slimeheads nei,"Atlantic, Northeast",Capture production,Tonnes - live weight,0.00269978401727862,0.0107991360691145
Spain,Grammicolepidids nei,"Atlantic, Northeast",Capture production,Tonnes - live weight,0,NA
Spain,"Scorpionfishes, gurnards nei","Atlantic, Northeast",Capture production,Tonnes - live weight,NA,0
Spain,European anchovy,"Atlantic, Northeast",Capture production,Tonnes - live weight,6964.47742980562,9440.86410367171
Spain,Clupeoids nei,"Atlantic, Northeast",Capture production,Tonnes - live weight,0.0836933045356372,0.0971922246220302
Spain,Atlantic herring,"Atlantic, Northeast",Capture production,Tonnes - live weight,NA,0
Spain,European pilchard(=sardine),"Atlantic, Northeast",Capture production,Tonnes - live weight,4643.04412526998,4594.33151187905
Spain,Sardinellas nei,"Atlantic, Northeast",Capture production,Tonnes - live weight,0.0107991360691145,0.00539956803455724
Spain,European sprat,"Atlantic, Northeast",Capture production,Tonnes - live weight,0.00809935205183585,0
Spain,Albacore,"Atlantic, Northeast",Capture production,Tonnes - live weight,3320.20572354212,5702.51444924406
Spain,Bigeye tuna,"Atlantic, Northeast",Capture production,Tonnes - live weight,19.2570842332613,133.015831533477
Spain,"Marlins,Sailfishes,Etc. nei","Atlantic, Northeast",Capture production,Tonnes - live weight,0.172786177105832,0.132095032397408
Spain,Bullet tuna,"Atlantic, Northeast",Capture production,Tonnes - live weight,0.361771058315335,1.902656587473
Spain,Atlantic bonito,"Atlantic, Northeast",Capture production,Tonnes - live weight,60.7042332613391,72.5989416846652
Spain,Blue marlin,"Atlantic, Northeast",Capture production,Tonnes - live weight,0.251079913606911,0.0188984881209503
Spain,Little tunny(=atl.black skipj),"Atlantic, Northeast",Capture production,Tonnes - live weight,0.0512958963282937,0.0377969762419007
Spain,Roundscale spearfish,"Atlantic, Northeast",Capture production,Tonnes - live weight,NA,0
Spain,Atlantic sailfish,"Atlantic, Northeast",Capture production,Tonnes - live weight,0.0804967602591793,0.0623974082073434
Spain,Skipjack tuna,"Atlantic, Northeast",Capture production,Tonnes - live weight,0.492462203023758,7.85997840172786
Spain,Swordfish,"Atlantic, Northeast",Capture production,Tonnes - live weight,10.0479265658747,21.8005615550756
Spain,Tunas nei,"Atlantic, Northeast",Capture production,Tonnes - live weight,0.01,0.00809935205183585
Spain,Jellynose,"Atlantic, Northeast",Capture production,Tonnes - live weight,0.00269978401727862,NA
Spain,Greater amberjack,"Atlantic, Northeast",Capture production,Tonnes - live weight,0.0226997840172786,0.00539956803455724
Spain,Big-Scale sand smelt,"Atlantic, Northeast",Capture production,Tonnes - live weight,0.267278617710583,0.221382289416847
Spain,Sand smelt,"Atlantic, Northeast",Capture production,Tonnes - live weight,2.44600431965443,3.56911447084233
Spain,Barracudas nei,"Atlantic, Northeast",Capture production,Tonnes - live weight,0.00809935205183585,0.00269978401727862
Spain,Blue butterfish,"Atlantic, Northeast",Capture production,Tonnes - live weight,0.0161987041036717,0.0107991360691145
Spain,Bluefish,"Atlantic, Northeast",Capture production,Tonnes - live weight,0.00539956803455724,0
Spain,"Butterfishes, pomfrets nei","Atlantic, Northeast",Capture production,Tonnes - live weight,0.00539956803455724,0.00269978401727862
Spain,Capelin,"Atlantic, Northeast",Capture production,Tonnes - live weight,0,0
Spain,Carangids nei,"Atlantic, Northeast",Capture production,Tonnes - live weight,0.170993520518359,0.454665226781858
Spain,Crevalle jack,"Atlantic, Northeast",Capture production,Tonnes - live weight,0.126889848812095,0.0296976241900648
Spain,Garfish,"Atlantic, Northeast",Capture production,Tonnes - live weight,8.75291576673866,4.16868250539957
Spain,Mediterranean horse mackerel,"Atlantic, Northeast",Capture production,Tonnes - live weight,113.808358531317,128.236803455724
Spain,False scad,"Atlantic, Northeast",Capture production,Tonnes - live weight,0,NA
Spain,Atlantic horse mackerel,"Atlantic, Northeast",Capture production,Tonnes - live weight,4220.99250539957,473.856090712743
Spain,Blue jack mackerel,"Atlantic, Northeast",Capture production,Tonnes - live weight,0.988120950323974,0.19438444924406
Spain,Jack and horse mackerels nei,"Atlantic, Northeast",Capture production,Tonnes - live weight,89.0073002159827,12.8635853131749
Spain,Leerfish,"Atlantic, Northeast",Capture production,Tonnes - live weight,0.00269978401727862,0.00809935205183585
Spain,Tapertail,"Atlantic, Northeast",Capture production,Tonnes - live weight,NA,0.00269978401727862
Spain,Atlantic mackerel,"Atlantic, Northeast",Capture production,Tonnes - live weight,8630.97613390929,7518.16010799136
Spain,Mackerels nei,"Atlantic, Northeast",Capture production,Tonnes - live weight,0.647948164146868,0.0215982721382289
Spain,Scomber mackerels nei,"Atlantic, Northeast",Capture production,Tonnes - live weight,NA,0.0323974082073434
Spain,Pilotfish,"Atlantic, Northeast",Capture production,Tonnes - live weight,0.00539956803455724,0.00809935205183585
Spain,Atlantic pomfret,"Atlantic, Northeast",Capture production,Tonnes - live weight,6.67155507559395,19.9749676025918
Spain,Pompanos nei,"Atlantic, Northeast",Capture production,Tonnes - live weight,0.0134989200863931,0.0126997840172786
Spain,Pelagic percomorphs nei,"Atlantic, Northeast",Capture production,Tonnes - live weight,NA,0
Spain,Atlantic saury,"Atlantic, Northeast",Capture production,Tonnes - live weight,56.0816198704104,1.97354211663067
Spain,Sauries nei,"Atlantic, Northeast",Capture production,Tonnes - live weight,0.00269978401727862,0.0188984881209503
Spain,Silversides(=Sand smelts) nei,"Atlantic, Northeast",Capture production,Tonnes - live weight,5.87928725701944,3.65848812095032
Spain,Big-Scale pomfret,"Atlantic, Northeast",Capture production,Tonnes - live weight,0.00269978401727862,0
Spain,"Jacks, crevalles nei","Atlantic, Northeast",Capture production,Tonnes - live weight,0,NA
Spain,Dealfishes,"Atlantic, Northeast",Capture production,Tonnes - live weight,NA,0
Spain,Vadigo,"Atlantic, Northeast",Capture production,Tonnes - live weight,0.305075593952484,0.288876889848812
Spain,Atlantic chub mackerel,"Atlantic, Northeast",Capture production,Tonnes - live weight,261.430151187905,832.750194384449
Spain,European barracuda,"Atlantic, Northeast",Capture production,Tonnes - live weight,NA,0
Spain,Angelshark,"Atlantic, Northeast",Capture production,Tonnes - live weight,0,0.00269978401727862
Spain,Bathyraja rays nei,"Atlantic, Northeast",Capture production,Tonnes - live weight,NA,0.00269978401727862
Spain,Blue shark,"Atlantic, Northeast",Capture production,Tonnes - live weight,281.727753779698,281.228552915767
Spain,Sand tiger shark,"Atlantic, Northeast",Capture production,Tonnes - live weight,0,0.00539956803455724
Spain,Dogfishes and hounds nei,"Atlantic, Northeast",Capture production,Tonnes - live weight,NA,0.00269978401727862
Spain,Picked dogfish,"Atlantic, Northeast",Capture production,Tonnes - live weight,0.00269978401727862,0.00269978401727862
Spain,Dogfish sharks nei,"Atlantic, Northeast",Capture production,Tonnes - live weight,0.0728941684665227,0.0863930885529158
Spain,Eagle rays nei,"Atlantic, Northeast",Capture production,Tonnes - live weight,0,0
Spain,Tope shark,"Atlantic, Northeast",Capture production,Tonnes - live weight,16.22343412527,9.96399568034557
Spain,Crest-Tail catsharks nei,"Atlantic, Northeast",Capture production,Tonnes - live weight,1.20950323974082,1.82775377969762
Spain,Gulper shark,"Atlantic, Northeast",Capture production,Tonnes - live weight,0.0215982721382289,NA
Spain,"Chimaeras, etc. nei","Atlantic, Northeast",Capture production,Tonnes - live weight,NA,0
Spain,Sharpnose sevengill shark,"Atlantic, Northeast",Capture production,Tonnes - live weight,NA,0.00809935205183585
Spain,Norwegian skate,"Atlantic, Northeast",Capture production,Tonnes - live weight,NA,0
Spain,Rough ray,"Atlantic, Northeast",Capture production,Tonnes - live weight,0,NA
Spain,Common stingray,"Atlantic, Northeast",Capture production,Tonnes - live weight,0.0377969762419007,NA
Spain,Mediterranean starry ray,"Atlantic, Northeast",Capture production,Tonnes - live weight,2.70788336933045,2.44600431965443
Spain,Mako sharks,"Atlantic, Northeast",Capture production,Tonnes - live weight,0.0134989200863931,0.00539956803455724
Spain,Common eagle ray,"Atlantic, Northeast",Capture production,Tonnes - live weight,0.0512958963282937,NA
Spain,Longnose spurdog,"Atlantic, Northeast",Capture production,Tonnes - live weight,20.8612311015119,0.0296976241900648
Spain,Rays and skates nei,"Atlantic, Northeast",Capture production,Tonnes - live weight,0.0701943844492441,0.056695464362851
Spain,Thornback ray,"Atlantic, Northeast",Capture production,Tonnes - live weight,159.49524838013,188.06090712743
Spain,Small-Eyed ray,"Atlantic, Northeast",Capture production,Tonnes - live weight,0.159892008639309,0.709460043196544
Spain,Arctic skate,"Atlantic, Northeast",Capture production,Tonnes - live weight,0,NA
Spain,Blonde ray,"Atlantic, Northeast",Capture production,Tonnes - live weight,2.31371490280778,6.72246220302376
Spain,Sandy ray,"Atlantic, Northeast",Capture production,Tonnes - live weight,0.143498920086393,1.12399568034557
Spain,Sailray,"Atlantic, Northeast",Capture production,Tonnes - live weight,NA,0.00269978401727862
Spain,Spotted ray,"Atlantic, Northeast",Capture production,Tonnes - live weight,16.9303455723542,21.2780993520518
Spain,Cuckoo ray,"Atlantic, Northeast",Capture production,Tonnes - live weight,93.7890496760259,96.3519222462203
Spain,Longnosed skate,"Atlantic, Northeast",Capture production,Tonnes - live weight,NA,1.43
Spain,Undulate ray,"Atlantic, Northeast",Capture production,Tonnes - live weight,2.76997840172786,3.27753779697624
Spain,Rajella kukujevi,"Atlantic, Northeast",Capture production,Tonnes - live weight,0.00539956803455724,0.00269978401727862
Spain,Requiem sharks nei,"Atlantic, Northeast",Capture production,Tonnes - live weight,0.23488120950324,0.0593952483801296
Spain,Kitefin shark,"Atlantic, Northeast",Capture production,Tonnes - live weight,0.00809935205183585,NA
Spain,"Catsharks, nursehounds nei","Atlantic, Northeast",Capture production,Tonnes - live weight,9.68,0
Spain,Starry smooth-hound,"Atlantic, Northeast",Capture production,Tonnes - live weight,0.03,NA
Spain,Smooth-Hounds nei,"Atlantic, Northeast",Capture production,Tonnes - live weight,0.632699784017279,0.0207991360691145
Spain,Bramble shark,"Atlantic, Northeast",Capture production,Tonnes - live weight,0.00269978401727862,NA
Spain,Blackmouth catshark,"Atlantic, Northeast",Capture production,Tonnes - live weight,13.3126349892009,3.12095032397408
Spain,Raja rays nei,"Atlantic, Northeast",Capture production,Tonnes - live weight,23.1699352051836,27.4813390928726
Spain,Various sharks nei,"Atlantic, Northeast",Capture production,Tonnes - live weight,0.00269978401727862,NA
Spain,Shortfin mako,"Atlantic, Northeast",Capture production,Tonnes - live weight,0.00269978401727862,0.0107991360691145
Spain,Smooth-Hound,"Atlantic, Northeast",Capture production,Tonnes - live weight,0.00539956803455724,0.0407991360691145
Spain,Little sleeper shark,"Atlantic, Northeast",Capture production,Tonnes - live weight,0.00809935205183585,NA
Spain,Hammerhead sharks nei,"Atlantic, Northeast",Capture production,Tonnes - live weight,0,NA
Spain,"Rays, stingrays, mantas nei","Atlantic, Northeast",Capture production,Tonnes - live weight,2.06993520518359,0.0269978401727862
Spain,"Stingrays, butterfly rays nei","Atlantic, Northeast",Capture production,Tonnes - live weight,0.00269978401727862,0.00269978401727862
Spain,Small-Spotted catshark,"Atlantic, Northeast",Capture production,Tonnes - live weight,331.628272138229,293.940755939525
Spain,Nursehound,"Atlantic, Northeast",Capture production,Tonnes - live weight,0.0890928725701944,0.233282937365011
Spain,"Catsharks, etc. nei","Atlantic, Northeast",Capture production,Tonnes - live weight,0.0880993520518359,0.544686825053996
Spain,Electric rays nei,"Atlantic, Northeast",Capture production,Tonnes - live weight,0.00269978401727862,0
Spain,Marbled electric ray,"Atlantic, Northeast",Capture production,Tonnes - live weight,0.00809935205183585,NA
Spain,Groundfishes nei,"Atlantic, Northeast",Capture production,Tonnes - live weight,0.296976241900648,0.145788336933045
Spain,Marine fishes nei,"Atlantic, Northeast",Capture production,Tonnes - live weight,0.0998920086393089,0
Spain,Pelagic fishes nei,"Atlantic, Northeast",Capture production,Tonnes - live weight,0.035097192224622,0.218682505399568
Spain,Marine crabs nei,"Atlantic, Northeast",Capture production,Tonnes - live weight,0.113390928725702,0.00809935205183585
Spain,Edible crab,"Atlantic, Northeast",Capture production,Tonnes - live weight,6.39924406047516,5.12596112311015
Spain,Green crab,"Atlantic, Northeast",Capture production,Tonnes - live weight,0.00269978401727862,0
Spain,Portunus swimcrabs nei,"Atlantic, Northeast",Capture production,Tonnes - live weight,0.0215982721382289,0
Spain,Chaceon geryons nei,"Atlantic, Northeast",Capture production,Tonnes - live weight,NA,0
Spain,Geryons nei,"Atlantic, Northeast",Capture production,Tonnes - live weight,NA,0.00539956803455724
Spain,Blue-Leg swimcrab,"Atlantic, Northeast",Capture production,Tonnes - live weight,0.124190064794816,0.0188984881209503
Spain,Maja spider crabs nei,"Atlantic, Northeast",Capture production,Tonnes - live weight,0.386069114470842,0.361771058315335
Spain,Common spider crab,"Atlantic, Northeast",Capture production,Tonnes - live weight,NA,40.0755939524838
Spain,Velvet swimcrab,"Atlantic, Northeast",Capture production,Tonnes - live weight,9.9031101511879,8.59611231101512
Spain,Knobby swimcrab,"Atlantic, Northeast",Capture production,Tonnes - live weight,NA,0
Spain,Spinous spider crab,"Atlantic, Northeast",Capture production,Tonnes - live weight,11.6927645788337,12.8305399568035
Spain,"Swimming crabs, etc. nei","Atlantic, Northeast",Capture production,Tonnes - live weight,9.00377969762419,9.40334773218142
Spain,Palinurid spiny lobsters nei,"Atlantic, Northeast",Capture production,Tonnes - live weight,0.0215982721382289,0.00269978401727862
Spain,European lobster,"Atlantic, Northeast",Capture production,Tonnes - live weight,4.30885529157667,3.92818574514039
Spain,Homarus lobsters nei,"Atlantic, Northeast",Capture production,Tonnes - live weight,0.164686825053996,0.105291576673866
Spain,Slipper lobsters nei,"Atlantic, Northeast",Capture production,Tonnes - live weight,0.00269978401727862,0.00269978401727862
Spain,Lobsters nei,"Atlantic, Northeast",Capture production,Tonnes - live weight,0.0107991360691145,0.0323974082073434
Spain,Norway lobster,"Atlantic, Northeast",Capture production,Tonnes - live weight,2.31641468682505,2.9392656587473
Spain,Lesser slipper lobster,"Atlantic, Northeast",Capture production,Tonnes - live weight,0.188984881209503,0.161987041036717
Spain,Common spiny lobster,"Atlantic, Northeast",Capture production,Tonnes - live weight,1.37419006479482,0.958423326133909
Spain,Spiny lobsters nei,"Atlantic, Northeast",Capture production,Tonnes - live weight,NA,0.0431965442764579
Spain,King crabs nei,"Atlantic, Northeast",Capture production,Tonnes - live weight,0.00809935205183585,0.0188984881209503
Spain,Anomuran decapods nei,"Atlantic, Northeast",Capture production,Tonnes - live weight,1.38228941684665,0.83963282937365
Spain,Aristeid shrimps nei,"Atlantic, Northeast",Capture production,Tonnes - live weight,0.00539956803455724,NA
Spain,Common prawn,"Atlantic, Northeast",Capture production,Tonnes - live weight,4.47354211663067,3.97408207343413
Spain,Common shrimp,"Atlantic, Northeast",Capture production,Tonnes - live weight,0.0485961123110151,0.0323974082073434
Spain,Natantian decapods nei,"Atlantic, Northeast",Capture production,Tonnes - live weight,0.0323974082073434,0.0134989200863931
Spain,Deep-Water rose shrimp,"Atlantic, Northeast",Capture production,Tonnes - live weight,0.0107991360691145,0
Spain,Parrot shrimp,"Atlantic, Northeast",Capture production,Tonnes - live weight,0.00269978401727862,0
Spain,Palaemonid shrimps nei,"Atlantic, Northeast",Capture production,Tonnes - live weight,0.00269978401727862,0.0242980561555076
Spain,Penaeus shrimps nei,"Atlantic, Northeast",Capture production,Tonnes - live weight,0.0188984881209503,0
Spain,Penaeid shrimps nei,"Atlantic, Northeast",Capture production,Tonnes - live weight,0.035097192224622,0.00269978401727862
Spain,Palaemon shrimps nei,"Atlantic, Northeast",Capture production,Tonnes - live weight,0.035097192224622,0.0296976241900648
Spain,Marine crustaceans nei,"Atlantic, Northeast",Capture production,Tonnes - live weight,0.0134989200863931,0
Spain,Spottail mantis squillid,"Atlantic, Northeast",Capture production,Tonnes - live weight,0,0.00269978401727862
Spain,Barnacle,"Atlantic, Northeast",Capture production,Tonnes - live weight,29.3655507559395,27.9994600431965
Spain,Purple dye murex,"Atlantic, Northeast",Capture production,Tonnes - live weight,0.00809935205183585,0.00539956803455724
Spain,Gastropods nei,"Atlantic, Northeast",Capture production,Tonnes - live weight,0.0215982721382289,0.215982721382289
Spain,Thickened nassa,"Atlantic, Northeast",Capture production,Tonnes - live weight,NA,0.00269978401727862
Spain,Murex,"Atlantic, Northeast",Capture production,Tonnes - live weight,0.00269978401727862,NA
Spain,Common periwinkle,"Atlantic, Northeast",Capture production,Tonnes - live weight,0.0134989200863931,0.00809935205183585
Spain,Limpet,"Atlantic, Northeast",Capture production,Tonnes - live weight,0.0701943844492441,0.0701943844492441
Spain,Whelk,"Atlantic, Northeast",Capture production,Tonnes - live weight,0.0107991360691145,0.00809935205183585
Spain,Pacific cupped oyster,"Atlantic, Northeast",Capture production,Tonnes - live weight,15.969222462203,4.89740820734341
Spain,Mediterranean mussel,"Atlantic, Northeast",Capture production,Tonnes - live weight,0.0161987041036717,0.121490280777538
Spain,Blue mussel,"Atlantic, Northeast",Capture production,Tonnes - live weight,NA,0.00269978401727862
Spain,Queen scallop,"Atlantic, Northeast",Capture production,Tonnes - live weight,0.00269978401727862,NA
Spain,Great atlantic scallop,"Atlantic, Northeast",Capture production,Tonnes - live weight,NA,20.1565874730022
Spain,Scallops nei,"Atlantic, Northeast",Capture production,Tonnes - live weight,0.0134989200863931,0.00809935205183585
Spain,Variegated scallop,"Atlantic, Northeast",Capture production,Tonnes - live weight,7.48650107991361,5.90712742980562
Spain,Japanese carpet shell,"Atlantic, Northeast",Capture production,Tonnes - live weight,3.48272138228942,2.29481641468683
Spain,Venus clams nei,"Atlantic, Northeast",Capture production,Tonnes - live weight,0.0458963282937365,0.0215982721382289
Spain,"Clams, etc. nei","Atlantic, Northeast",Capture production,Tonnes - live weight,0.00539956803455724,0.00269978401727862
Spain,Common edible cockle,"Atlantic, Northeast",Capture production,Tonnes - live weight,3.79589632829374,0.842332613390929
Spain,Grooved carpet shell,"Atlantic, Northeast",Capture production,Tonnes - live weight,2.61609071274298,1.6792656587473
Spain,Corneous wedge clam,"Atlantic, Northeast",Capture production,Tonnes - live weight,NA,0.00269978401727862
Spain,Donax clams,"Atlantic, Northeast",Capture production,Tonnes - live weight,NA,0.00269978401727862
Spain,Mature dosinia,"Atlantic, Northeast",Capture production,Tonnes - live weight,NA,0
Spain,Sword razor shell,"Atlantic, Northeast",Capture production,Tonnes - live weight,2.78617710583153,6.31749460043197
Spain,Arched razor shell,"Atlantic, Northeast",Capture production,Tonnes - live weight,3.44762419006479,5.62904967602592
Spain,Mactra surf clams nei,"Atlantic, Northeast",Capture production,Tonnes - live weight,0.00809935205183585,0
Spain,Solen razor clams nei,"Atlantic, Northeast",Capture production,Tonnes - live weight,0.00269978401727862,0.00539956803455724
Spain,"Razor clams, knife clams nei","Atlantic, Northeast",Capture production,Tonnes - live weight,0.0377969762419007,0.0620950323974082
Spain,Striped venus,"Atlantic, Northeast",Capture production,Tonnes - live weight,NA,0
Spain,Solid surf clam,"Atlantic, Northeast",Capture production,Tonnes - live weight,0.240280777537797,0.170086393088553
Spain,Warty venus,"Atlantic, Northeast",Capture production,Tonnes - live weight,5.52645788336933,4.09017278617711
Spain,Banded carpet shell,"Atlantic, Northeast",Capture production,Tonnes - live weight,3.63120950323974,2.08423326133909
Spain,Corrugated venus,"Atlantic, Northeast",Capture production,Tonnes - live weight,5.83153347732182,5.02699784017279
Spain,Cephalopods nei,"Atlantic, Northeast",Capture production,Tonnes - live weight,NA,0.00269978401727862
Spain,Common cuttlefish,"Atlantic, Northeast",Capture production,Tonnes - live weight,67.3336501079914,145.433909287257
Spain,"Cuttlefish, bobtail squids nei","Atlantic, Northeast",Capture production,Tonnes - live weight,0.191684665226782,0.153887688984881
Spain,Elegant cuttlefish,"Atlantic, Northeast",Capture production,Tonnes - live weight,0,0.191684665226782
Spain,Horned octopus,"Atlantic, Northeast",Capture production,Tonnes - live weight,38.3983801295896,19.3307343412527
Spain,Common octopus,"Atlantic, Northeast",Capture production,Tonnes - live weight,388.565269978402,357.798315334773
Spain,Horned and musky octopuses,"Atlantic, Northeast",Capture production,Tonnes - live weight,34.8409719222462,9.38419006479482
Spain,"Octopuses, etc. nei","Atlantic, Northeast",Capture production,Tonnes - live weight,0.00539956803455724,0.0377969762419007
Spain,Octopuses nei,"Atlantic, Northeast",Capture production,Tonnes - live weight,NA,0.00539956803455724
Spain,Flying squids nei,"Atlantic, Northeast",Capture production,Tonnes - live weight,0.735053995680346,0.675399568034557
Spain,Ommastrephidae squids nei,"Atlantic, Northeast",Capture production,Tonnes - live weight,0.00539956803455724,0.035097192224622
Spain,European common squid,"Atlantic, Northeast",Capture production,Tonnes - live weight,NA,0
Spain,Midsize squid,"Atlantic, Northeast",Capture production,Tonnes - live weight,NA,0
Spain,Common squids nei,"Atlantic, Northeast",Capture production,Tonnes - live weight,45.6857235421166,55.9297840172786
Spain,European flying squid,"Atlantic, Northeast",Capture production,Tonnes - live weight,24.7840172786177,3.54051835853132
Spain,Northern shortfin squid,"Atlantic, Northeast",Capture production,Tonnes - live weight,2131.7838012959,342.866997840173
Spain,Broadtail shortfin squid,"Atlantic, Northeast",Capture production,Tonnes - live weight,197.362742980562,312.99120950324
Spain,European squid,"Atlantic, Northeast",Capture production,Tonnes - live weight,8.54658747300216,9.44120950323974
Spain,Various squids nei,"Atlantic, Northeast",Capture production,Tonnes - live weight,0.672246220302376,0.334773218142549
Spain,Inshore squids nei,"Atlantic, Northeast",Capture production,Tonnes - live weight,NA,0
Spain,Lesser flying squid,"Atlantic, Northeast",Capture production,Tonnes - live weight,154.213974082073,9.35375809935205
Spain,Marine molluscs nei,"Atlantic, Northeast",Capture production,Tonnes - live weight,0.458963282937365,0.618250539956803
Spain,Ascidiaceans nei,"Atlantic, Northeast",Capture production,Tonnes - live weight,0.0242980561555076,NA
Spain,Sea cucumbers nei,"Atlantic, Northeast",Capture production,Tonnes - live weight,6.4902807775378,1.42278617710583
Spain,Royal cucumber,"Atlantic, Northeast",Capture production,Tonnes - live weight,11.7278617710583,19.1312742980562
Spain,Stony sea urchin,"Atlantic, Northeast",Capture production,Tonnes - live weight,41.695464362851,38.2883369330454
Spain,European edible sea urchin,"Atlantic, Northeast",Capture production,Tonnes - live weight,0.0107991360691145,0.035097192224622
Spain,"Sea urchins, etc. nei","Atlantic, Northeast",Capture production,Tonnes - live weight,0.00269978401727862,0.00269978401727862
Spain,Aquatic invertebrates nei,"Atlantic, Northeast",Capture production,Tonnes - live weight,0.151187904967603,0.118790496760259
Spain,Scoletoma impatiens,"Atlantic, Northeast",Capture production,Tonnes - live weight,NA,0.116090712742981
Spain,Marine worms,"Atlantic, Northeast",Capture production,Tonnes - live weight,0.00269978401727862,0.00269978401727862
Spain,Snakelocks anemone,"Atlantic, Northeast",Capture production,Tonnes - live weight,2.28671706263499,1.63336933045356
Spain,Anthothela grandiflora,"Atlantic, Northeast",Capture production,Tonnes - live weight,0,NA
Spain,Rocklings nei,"Atlantic, Northeast",Capture production,Tonnes - live weight,0.00269978401727862,0.00269978401727862
Spain,Codling,"Atlantic, Northeast",Capture production,Tonnes - live weight,0.00269978401727862,0
Spain,Spiny scorpionfish,"Atlantic, Northeast",Capture production,Tonnes - live weight,NA,0
